time,emotion,count
2020-04-06 00:00:00,negative,3
2020-04-06 00:10:00,negative,4
2020-04-06 00:20:00,negative,2
2020-04-06 00:30:00,positive,2
2020-04-06 00:50:00,negative,1
2020-04-06 00:50:00,positive,1
2020-04-06 01:00:00,positive,2
2020-04-06 01:10:00,positive,1
2020-04-06 01:20:00,negative,1
2020-04-06 01:20:00,positive,1
2020-04-06 01:30:00,negative,1
2020-04-06 01:40:00,negative,2
2020-04-06 02:00:00,negative,2
2020-04-06 02:10:00,positive,1
2020-04-06 02:30:00,negative,3
2020-04-06 02:40:00,negative,3
2020-04-06 02:50:00,negative,2
2020-04-06 02:50:00,positive,2
2020-04-06 03:00:00,negative,3
2020-04-06 03:00:00,positive,1
2020-04-06 03:10:00,negative,2
2020-04-06 03:10:00,positive,2
2020-04-06 03:20:00,negative,3
2020-04-06 03:30:00,negative,2
2020-04-06 03:30:00,positive,2
2020-04-06 03:40:00,negative,2
2020-04-06 03:40:00,positive,3
2020-04-06 03:50:00,negative,3
2020-04-06 04:00:00,negative,5
2020-04-06 04:00:00,positive,3
2020-04-06 04:10:00,negative,2
2020-04-06 04:10:00,positive,3
2020-04-06 04:20:00,negative,4
2020-04-06 04:20:00,positive,4
2020-04-06 04:30:00,negative,3
2020-04-06 04:30:00,positive,9
2020-04-06 04:40:00,negative,10
2020-04-06 04:40:00,positive,6
2020-04-06 04:50:00,negative,8
2020-04-06 04:50:00,positive,8
2020-04-06 05:00:00,negative,5
2020-04-06 05:00:00,positive,8
2020-04-06 05:10:00,negative,6
2020-04-06 05:10:00,positive,9
2020-04-06 05:20:00,negative,7
2020-04-06 05:20:00,positive,15
2020-04-06 05:30:00,negative,4
2020-04-06 05:30:00,positive,19
2020-04-06 05:40:00,negative,7
2020-04-06 05:40:00,positive,26
2020-04-06 05:50:00,negative,3
2020-04-06 05:50:00,positive,18
2020-04-06 06:00:00,negative,8
2020-04-06 06:00:00,positive,29
2020-04-06 06:10:00,negative,10
2020-04-06 06:10:00,positive,27
2020-04-06 06:20:00,negative,12
2020-04-06 06:20:00,positive,24
2020-04-06 06:30:00,negative,6
2020-04-06 06:30:00,positive,24
2020-04-06 06:40:00,negative,9
2020-04-06 06:40:00,positive,28
2020-04-06 06:50:00,negative,12
2020-04-06 06:50:00,positive,21
2020-04-06 07:00:00,negative,11
2020-04-06 07:00:00,positive,26
2020-04-06 07:10:00,negative,20
2020-04-06 07:10:00,positive,25
2020-04-06 07:20:00,negative,13
2020-04-06 07:20:00,positive,20
2020-04-06 07:30:00,negative,16
2020-04-06 07:30:00,positive,18
2020-04-06 07:40:00,negative,19
2020-04-06 07:40:00,positive,16
2020-04-06 07:50:00,negative,31
2020-04-06 07:50:00,positive,41
2020-04-06 08:00:00,negative,45
2020-04-06 08:00:00,positive,37
2020-04-06 08:10:00,negative,30
2020-04-06 08:10:00,positive,21
2020-04-06 08:20:00,negative,68
2020-04-06 08:20:00,positive,27
2020-04-06 08:30:00,negative,60
2020-04-06 08:30:00,positive,29
2020-04-06 08:40:00,negative,42
2020-04-06 08:40:00,positive,41
2020-04-06 08:50:00,negative,31
2020-04-06 08:50:00,positive,41
2020-04-06 09:00:00,negative,38
2020-04-06 09:00:00,positive,31
2020-04-06 09:10:00,negative,45
2020-04-06 09:10:00,positive,26
2020-04-06 09:20:00,negative,39
2020-04-06 09:20:00,positive,38
2020-04-06 09:30:00,negative,24
2020-04-06 09:30:00,positive,40
2020-04-06 09:40:00,negative,24
2020-04-06 09:40:00,positive,48
2020-04-06 09:50:00,negative,38
2020-04-06 09:50:00,positive,70
2020-04-06 10:00:00,negative,59
2020-04-06 10:00:00,positive,52
2020-04-06 10:10:00,negative,51
2020-04-06 10:10:00,positive,46
2020-04-06 10:20:00,negative,55
2020-04-06 10:20:00,positive,59
2020-04-06 10:30:00,negative,49
2020-04-06 10:30:00,positive,58
2020-04-06 10:40:00,negative,38
2020-04-06 10:40:00,positive,57
2020-04-06 10:50:00,negative,57
2020-04-06 10:50:00,positive,40
2020-04-06 11:00:00,negative,50
2020-04-06 11:00:00,positive,42
2020-04-06 11:10:00,negative,68
2020-04-06 11:10:00,positive,35
2020-04-06 11:20:00,negative,49
2020-04-06 11:20:00,positive,40
2020-04-06 11:30:00,negative,46
2020-04-06 11:30:00,positive,52
2020-04-06 11:40:00,negative,39
2020-04-06 11:40:00,positive,35
2020-04-06 11:50:00,negative,27
2020-04-06 11:50:00,positive,31
2020-04-06 12:00:00,negative,34
2020-04-06 12:00:00,positive,44
2020-04-06 12:10:00,negative,32
2020-04-06 12:10:00,positive,34
2020-04-06 12:20:00,negative,30
2020-04-06 12:20:00,positive,23
2020-04-06 12:30:00,negative,44
2020-04-06 12:30:00,positive,37
2020-04-06 12:40:00,negative,47
2020-04-06 12:40:00,positive,43
2020-04-06 12:50:00,negative,37
2020-04-06 12:50:00,positive,51
2020-04-06 13:00:00,negative,42
2020-04-06 13:00:00,positive,29
2020-04-06 13:10:00,negative,40
2020-04-06 13:10:00,positive,36
2020-04-06 13:20:00,negative,42
2020-04-06 13:20:00,positive,34
2020-04-06 13:30:00,negative,49
2020-04-06 13:30:00,positive,43
2020-04-06 13:40:00,negative,57
2020-04-06 13:40:00,positive,32
2020-04-06 13:50:00,negative,56
2020-04-06 13:50:00,positive,48
2020-04-06 14:00:00,negative,47
2020-04-06 14:00:00,positive,47
2020-04-06 14:10:00,negative,46
2020-04-06 14:10:00,positive,52
2020-04-06 14:20:00,negative,54
2020-04-06 14:20:00,positive,45
2020-04-06 14:30:00,negative,66
2020-04-06 14:30:00,positive,52
2020-04-06 14:40:00,negative,94
2020-04-06 14:40:00,positive,80
2020-04-06 14:50:00,negative,175
2020-04-06 14:50:00,positive,102
2020-04-06 15:00:00,negative,147
2020-04-06 15:00:00,positive,100
2020-04-06 15:10:00,negative,119
2020-04-06 15:10:00,positive,87
2020-04-06 15:20:00,negative,95
2020-04-06 15:20:00,positive,76
2020-04-06 15:30:00,negative,68
2020-04-06 15:30:00,positive,64
2020-04-06 15:40:00,negative,57
2020-04-06 15:40:00,positive,71
2020-04-06 15:50:00,negative,67
2020-04-06 15:50:00,positive,63
2020-04-06 16:00:00,negative,62
2020-04-06 16:00:00,positive,75
2020-04-06 16:10:00,negative,44
2020-04-06 16:10:00,positive,52
2020-04-06 16:20:00,negative,33
2020-04-06 16:20:00,positive,65
2020-04-06 16:30:00,negative,38
2020-04-06 16:30:00,positive,55
2020-04-06 16:40:00,negative,52
2020-04-06 16:40:00,positive,60
2020-04-06 16:50:00,negative,46
2020-04-06 16:50:00,positive,50
2020-04-06 17:00:00,negative,54
2020-04-06 17:00:00,positive,55
2020-04-06 17:10:00,negative,35
2020-04-06 17:10:00,positive,54
2020-04-06 17:20:00,negative,39
2020-04-06 17:20:00,positive,56
2020-04-06 17:30:00,negative,36
2020-04-06 17:30:00,positive,48
2020-04-06 17:40:00,negative,31
2020-04-06 17:40:00,positive,40
2020-04-06 17:50:00,negative,29
2020-04-06 17:50:00,positive,41
2020-04-06 18:00:00,negative,31
2020-04-06 18:00:00,positive,42
2020-04-06 18:10:00,negative,27
2020-04-06 18:10:00,positive,33
2020-04-06 18:20:00,negative,36
2020-04-06 18:20:00,positive,34
2020-04-06 18:30:00,negative,21
2020-04-06 18:30:00,positive,24
2020-04-06 18:40:00,negative,18
2020-04-06 18:40:00,positive,21
2020-04-06 18:50:00,negative,20
2020-04-06 18:50:00,positive,25
2020-04-06 19:00:00,negative,48
2020-04-06 19:00:00,positive,41
2020-04-06 19:10:00,negative,61
2020-04-06 19:10:00,positive,52
2020-04-06 19:20:00,negative,97
2020-04-06 19:20:00,positive,40
2020-04-06 19:30:00,negative,87
2020-04-06 19:30:00,positive,50
2020-04-06 19:40:00,negative,73
2020-04-06 19:40:00,positive,46
2020-04-06 19:50:00,negative,54
2020-04-06 19:50:00,positive,26
2020-04-06 20:00:00,negative,26
2020-04-06 20:00:00,positive,27
2020-04-06 20:10:00,negative,26
2020-04-06 20:10:00,positive,31
2020-04-06 20:20:00,negative,18
2020-04-06 20:20:00,positive,33
2020-04-06 20:30:00,negative,24
2020-04-06 20:30:00,positive,34
2020-04-06 20:40:00,negative,23
2020-04-06 20:40:00,positive,34
2020-04-06 20:50:00,negative,25
2020-04-06 20:50:00,positive,28
2020-04-06 21:00:00,negative,27
2020-04-06 21:00:00,positive,22
2020-04-06 21:10:00,negative,17
2020-04-06 21:10:00,positive,22
2020-04-06 21:20:00,negative,24
2020-04-06 21:20:00,positive,16
2020-04-06 21:30:00,negative,19
2020-04-06 21:30:00,positive,15
2020-04-06 21:40:00,negative,14
2020-04-06 21:40:00,positive,23
2020-04-06 21:50:00,negative,10
2020-04-06 21:50:00,positive,21
2020-04-06 22:00:00,negative,13
2020-04-06 22:00:00,positive,9
2020-04-06 22:10:00,negative,9
2020-04-06 22:10:00,positive,12
2020-04-06 22:20:00,negative,7
2020-04-06 22:20:00,positive,8
2020-04-06 22:30:00,negative,3
2020-04-06 22:30:00,positive,5
2020-04-06 22:40:00,negative,4
2020-04-06 22:40:00,positive,19
2020-04-06 22:50:00,negative,8
2020-04-06 22:50:00,positive,10
2020-04-06 23:00:00,negative,1
2020-04-06 23:00:00,positive,14
2020-04-06 23:10:00,negative,6
2020-04-06 23:10:00,positive,10
2020-04-06 23:20:00,negative,5
2020-04-06 23:20:00,positive,12
2020-04-06 23:30:00,negative,1
2020-04-06 23:30:00,positive,1
2020-04-06 23:40:00,negative,2
2020-04-06 23:40:00,positive,6
2020-04-06 23:50:00,negative,12
2020-04-06 23:50:00,positive,18
2020-04-07 00:00:00,negative,9
2020-04-07 00:00:00,positive,13
2020-04-07 00:10:00,negative,3
2020-04-07 00:10:00,positive,2
2020-04-07 00:20:00,negative,2
2020-04-07 00:20:00,positive,2
2020-04-07 00:30:00,negative,1
2020-04-07 00:30:00,positive,3
2020-04-07 00:40:00,negative,1
2020-04-07 01:00:00,negative,1
2020-04-07 01:10:00,negative,1
2020-04-07 01:20:00,negative,1
2020-04-07 01:30:00,negative,1
2020-04-07 01:40:00,negative,2
2020-04-07 01:40:00,positive,1
2020-04-07 01:50:00,negative,1
2020-04-07 01:50:00,positive,1
2020-04-07 02:00:00,negative,6
2020-04-07 02:10:00,negative,5
2020-04-07 02:10:00,positive,1
2020-04-07 02:20:00,negative,6
2020-04-07 02:30:00,negative,7
2020-04-07 02:30:00,positive,3
2020-04-07 02:40:00,negative,5
2020-04-07 02:40:00,positive,1
2020-04-07 02:50:00,negative,3
2020-04-07 02:50:00,positive,2
2020-04-07 03:00:00,negative,2
2020-04-07 03:00:00,positive,2
2020-04-07 03:10:00,negative,3
2020-04-07 03:10:00,positive,3
2020-04-07 03:20:00,negative,2
2020-04-07 03:20:00,positive,6
2020-04-07 03:30:00,negative,3
2020-04-07 03:30:00,positive,3
2020-04-07 03:40:00,positive,3
2020-04-07 03:50:00,negative,4
2020-04-07 03:50:00,positive,3
2020-04-07 04:00:00,negative,2
2020-04-07 04:00:00,positive,3
2020-04-07 04:10:00,negative,2
2020-04-07 04:10:00,positive,7
2020-04-07 04:20:00,negative,9
2020-04-07 04:20:00,positive,3
2020-04-07 04:30:00,negative,8
2020-04-07 04:30:00,positive,2
2020-04-07 04:40:00,negative,4
2020-04-07 04:40:00,positive,3
2020-04-07 04:50:00,negative,2
2020-04-07 05:00:00,negative,9
2020-04-07 05:00:00,positive,5
2020-04-07 05:10:00,negative,10
2020-04-07 05:10:00,positive,4
2020-04-07 05:20:00,negative,6
2020-04-07 05:20:00,positive,2
2020-04-07 05:30:00,negative,5
2020-04-07 05:30:00,positive,7
2020-04-07 05:40:00,negative,10
2020-04-07 05:40:00,positive,5
2020-04-07 05:50:00,negative,16
2020-04-07 05:50:00,positive,6
2020-04-07 06:00:00,negative,20
2020-04-07 06:00:00,positive,11
2020-04-07 06:10:00,negative,18
2020-04-07 06:10:00,positive,13
2020-04-07 06:20:00,negative,18
2020-04-07 06:20:00,positive,9
2020-04-07 06:30:00,negative,21
2020-04-07 06:30:00,positive,12
2020-04-07 06:40:00,negative,17
2020-04-07 06:40:00,positive,24
2020-04-07 06:50:00,negative,16
2020-04-07 06:50:00,positive,29
2020-04-07 07:00:00,negative,15
2020-04-07 07:00:00,positive,34
2020-04-07 07:10:00,negative,23
2020-04-07 07:10:00,positive,28
2020-04-07 07:20:00,negative,35
2020-04-07 07:20:00,positive,28
2020-04-07 07:30:00,negative,27
2020-04-07 07:30:00,positive,32
2020-04-07 07:40:00,negative,34
2020-04-07 07:40:00,positive,21
2020-04-07 07:50:00,negative,43
2020-04-07 07:50:00,positive,44
2020-04-07 08:00:00,negative,56
2020-04-07 08:00:00,positive,53
2020-04-07 08:10:00,negative,42
2020-04-07 08:10:00,positive,51
2020-04-07 08:20:00,negative,61
2020-04-07 08:20:00,positive,61
2020-04-07 08:30:00,negative,75
2020-04-07 08:30:00,positive,47
2020-04-07 08:40:00,negative,49
2020-04-07 08:40:00,positive,32
2020-04-07 08:50:00,negative,42
2020-04-07 08:50:00,positive,28
2020-04-07 09:00:00,negative,28
2020-04-07 09:00:00,positive,21
2020-04-07 09:10:00,negative,23
2020-04-07 09:10:00,positive,20
2020-04-07 09:20:00,negative,30
2020-04-07 09:20:00,positive,30
2020-04-07 09:30:00,negative,19
2020-04-07 09:30:00,positive,30
2020-04-07 09:40:00,negative,20
2020-04-07 09:40:00,positive,28
2020-04-07 09:50:00,negative,13
2020-04-07 09:50:00,positive,36
2020-04-07 10:00:00,negative,21
2020-04-07 10:00:00,positive,27
2020-04-07 10:10:00,negative,23
2020-04-07 10:10:00,positive,41
2020-04-07 10:20:00,negative,20
2020-04-07 10:20:00,positive,47
2020-04-07 10:30:00,negative,32
2020-04-07 10:30:00,positive,32
2020-04-07 10:40:00,negative,35
2020-04-07 10:40:00,positive,45
2020-04-07 10:50:00,negative,30
2020-04-07 10:50:00,positive,52
2020-04-07 11:00:00,negative,39
2020-04-07 11:00:00,positive,44
2020-04-07 11:10:00,negative,39
2020-04-07 11:10:00,positive,49
2020-04-07 11:20:00,negative,57
2020-04-07 11:20:00,positive,39
2020-04-07 11:30:00,negative,47
2020-04-07 11:30:00,positive,25
2020-04-07 11:40:00,negative,55
2020-04-07 11:40:00,positive,30
2020-04-07 11:50:00,negative,55
2020-04-07 11:50:00,positive,24
2020-04-07 12:00:00,negative,49
2020-04-07 12:00:00,positive,40
2020-04-07 12:10:00,negative,50
2020-04-07 12:10:00,positive,45
2020-04-07 12:20:00,negative,58
2020-04-07 12:20:00,positive,59
2020-04-07 12:30:00,negative,55
2020-04-07 12:30:00,positive,57
2020-04-07 12:40:00,negative,44
2020-04-07 12:40:00,positive,37
2020-04-07 12:50:00,negative,35
2020-04-07 12:50:00,positive,40
2020-04-07 13:00:00,negative,32
2020-04-07 13:00:00,positive,52
2020-04-07 13:10:00,negative,19
2020-04-07 13:10:00,positive,54
2020-04-07 13:20:00,negative,36
2020-04-07 13:20:00,positive,42
2020-04-07 13:30:00,negative,40
2020-04-07 13:30:00,positive,50
2020-04-07 13:40:00,negative,23
2020-04-07 13:40:00,positive,39
2020-04-07 13:50:00,negative,40
2020-04-07 13:50:00,positive,46
2020-04-07 14:00:00,negative,25
2020-04-07 14:00:00,positive,42
2020-04-07 14:10:00,negative,31
2020-04-07 14:10:00,positive,40
2020-04-07 14:20:00,negative,29
2020-04-07 14:20:00,positive,34
2020-04-07 14:30:00,negative,47
2020-04-07 14:30:00,positive,39
2020-04-07 14:40:00,negative,34
2020-04-07 14:40:00,positive,26
2020-04-07 14:50:00,negative,47
2020-04-07 14:50:00,positive,36
2020-04-07 15:00:00,negative,45
2020-04-07 15:00:00,positive,39
2020-04-07 15:10:00,negative,39
2020-04-07 15:10:00,positive,35
2020-04-07 15:20:00,negative,45
2020-04-07 15:20:00,positive,37
2020-04-07 15:30:00,negative,22
2020-04-07 15:30:00,positive,37
2020-04-07 15:40:00,negative,37
2020-04-07 15:40:00,positive,37
2020-04-07 15:50:00,negative,35
2020-04-07 15:50:00,positive,59
2020-04-07 16:00:00,negative,48
2020-04-07 16:00:00,neutral,1
2020-04-07 16:00:00,positive,47
2020-04-07 16:10:00,negative,41
2020-04-07 16:10:00,positive,48
2020-04-07 16:20:00,negative,27
2020-04-07 16:20:00,positive,38
2020-04-07 16:30:00,negative,51
2020-04-07 16:30:00,positive,47
2020-04-07 16:40:00,negative,38
2020-04-07 16:40:00,positive,51
2020-04-07 16:50:00,negative,44
2020-04-07 16:50:00,positive,55
2020-04-07 17:00:00,negative,41
2020-04-07 17:00:00,positive,47
2020-04-07 17:10:00,negative,32
2020-04-07 17:10:00,positive,47
2020-04-07 17:20:00,negative,45
2020-04-07 17:20:00,positive,43
2020-04-07 17:30:00,negative,35
2020-04-07 17:30:00,positive,30
2020-04-07 17:40:00,negative,31
2020-04-07 17:40:00,positive,36
2020-04-07 17:50:00,negative,26
2020-04-07 17:50:00,positive,28
2020-04-07 18:00:00,negative,64
2020-04-07 18:00:00,positive,47
2020-04-07 18:10:00,negative,64
2020-04-07 18:10:00,positive,50
2020-04-07 18:20:00,negative,117
2020-04-07 18:20:00,positive,51
2020-04-07 18:30:00,negative,113
2020-04-07 18:30:00,positive,44
2020-04-07 18:40:00,negative,62
2020-04-07 18:40:00,positive,45
2020-04-07 18:50:00,negative,52
2020-04-07 18:50:00,positive,26
2020-04-07 19:00:00,negative,32
2020-04-07 19:00:00,positive,33
2020-04-07 19:10:00,negative,29
2020-04-07 19:10:00,positive,23
2020-04-07 19:20:00,negative,23
2020-04-07 19:20:00,positive,38
2020-04-07 19:30:00,negative,16
2020-04-07 19:30:00,positive,27
2020-04-07 19:40:00,negative,23
2020-04-07 19:40:00,positive,41
2020-04-07 19:50:00,negative,22
2020-04-07 19:50:00,positive,32
2020-04-07 20:00:00,negative,37
2020-04-07 20:00:00,positive,38
2020-04-07 20:10:00,negative,35
2020-04-07 20:10:00,positive,42
2020-04-07 20:20:00,negative,35
2020-04-07 20:20:00,positive,24
2020-04-07 20:30:00,negative,31
2020-04-07 20:30:00,positive,21
2020-04-07 20:40:00,negative,33
2020-04-07 20:40:00,positive,20
2020-04-07 20:50:00,negative,34
2020-04-07 20:50:00,positive,17
2020-04-07 21:00:00,negative,21
2020-04-07 21:00:00,positive,23
2020-04-07 21:10:00,negative,18
2020-04-07 21:10:00,positive,14
2020-04-07 21:20:00,negative,19
2020-04-07 21:20:00,positive,15
2020-04-07 21:30:00,negative,15
2020-04-07 21:30:00,positive,11
2020-04-07 21:40:00,negative,25
2020-04-07 21:40:00,positive,10
2020-04-07 21:50:00,negative,17
2020-04-07 21:50:00,positive,13
2020-04-07 22:00:00,negative,21
2020-04-07 22:00:00,positive,13
2020-04-07 22:10:00,negative,6
2020-04-07 22:10:00,positive,10
2020-04-07 22:20:00,negative,10
2020-04-07 22:20:00,positive,6
2020-04-07 22:30:00,negative,8
2020-04-07 22:30:00,positive,7
2020-04-07 22:40:00,negative,5
2020-04-07 22:40:00,positive,6
2020-04-07 22:50:00,negative,2
2020-04-07 22:50:00,positive,8
2020-04-07 23:00:00,negative,3
2020-04-07 23:00:00,positive,8
2020-04-07 23:10:00,negative,1
2020-04-07 23:10:00,positive,10
2020-04-07 23:20:00,negative,8
2020-04-07 23:20:00,positive,9
2020-04-07 23:30:00,negative,2
2020-04-07 23:30:00,positive,10
2020-04-07 23:40:00,negative,9
2020-04-07 23:40:00,positive,8
2020-04-07 23:50:00,negative,10
2020-04-07 23:50:00,positive,25
2020-04-08 00:00:00,negative,13
2020-04-08 00:00:00,positive,14
2020-04-08 00:10:00,negative,2
2020-04-08 00:10:00,positive,6
2020-04-08 00:20:00,negative,7
2020-04-08 00:20:00,positive,5
2020-04-08 00:30:00,negative,3
2020-04-08 00:30:00,positive,3
2020-04-08 00:40:00,negative,4
2020-04-08 00:40:00,positive,2
2020-04-08 00:50:00,negative,1
2020-04-08 00:50:00,positive,1
2020-04-08 01:00:00,negative,2
2020-04-08 01:00:00,positive,2
2020-04-08 01:10:00,negative,1
2020-04-08 01:10:00,positive,1
2020-04-08 01:20:00,negative,2
2020-04-08 01:30:00,negative,2
2020-04-08 01:40:00,negative,1
2020-04-08 01:40:00,positive,1
2020-04-08 01:50:00,negative,1
2020-04-08 02:10:00,negative,2
2020-04-08 02:20:00,negative,2
2020-04-08 02:20:00,positive,2
2020-04-08 02:30:00,negative,12
2020-04-08 02:30:00,positive,5
2020-04-08 02:40:00,negative,5
2020-04-08 02:50:00,negative,2
2020-04-08 02:50:00,positive,1
2020-04-08 03:00:00,negative,2
2020-04-08 03:00:00,positive,1
2020-04-08 03:10:00,negative,8
2020-04-08 03:10:00,positive,2
2020-04-08 03:20:00,negative,3
2020-04-08 03:20:00,positive,2
2020-04-08 03:30:00,negative,9
2020-04-08 03:30:00,positive,5
2020-04-08 03:40:00,negative,7
2020-04-08 03:40:00,positive,6
2020-04-08 03:50:00,negative,8
2020-04-08 03:50:00,positive,10
2020-04-08 04:00:00,negative,14
2020-04-08 04:00:00,positive,9
2020-04-08 04:10:00,negative,9
2020-04-08 04:10:00,positive,7
2020-04-08 04:20:00,negative,4
2020-04-08 04:20:00,positive,8
2020-04-08 04:30:00,negative,7
2020-04-08 04:30:00,positive,6
2020-04-08 04:40:00,negative,6
2020-04-08 04:40:00,positive,6
2020-04-08 04:50:00,negative,8
2020-04-08 04:50:00,positive,5
2020-04-08 05:00:00,negative,9
2020-04-08 05:00:00,positive,3
2020-04-08 05:10:00,negative,7
2020-04-08 05:10:00,positive,6
2020-04-08 05:20:00,negative,12
2020-04-08 05:20:00,positive,12
2020-04-08 05:30:00,negative,9
2020-04-08 05:30:00,positive,7
2020-04-08 05:40:00,negative,7
2020-04-08 05:40:00,positive,9
2020-04-08 05:50:00,negative,14
2020-04-08 05:50:00,positive,14
2020-04-08 06:00:00,negative,16
2020-04-08 06:00:00,positive,9
2020-04-08 06:10:00,negative,13
2020-04-08 06:10:00,positive,6
2020-04-08 06:20:00,negative,20
2020-04-08 06:20:00,positive,10
2020-04-08 06:30:00,negative,19
2020-04-08 06:30:00,positive,13
2020-04-08 06:40:00,negative,15
2020-04-08 06:40:00,positive,7
2020-04-08 06:50:00,negative,24
2020-04-08 06:50:00,positive,22
2020-04-08 07:00:00,negative,56
2020-04-08 07:00:00,positive,43
2020-04-08 07:10:00,negative,98
2020-04-08 07:10:00,positive,51
2020-04-08 07:20:00,negative,130
2020-04-08 07:20:00,positive,76
2020-04-08 07:30:00,negative,127
2020-04-08 07:30:00,positive,85
2020-04-08 07:40:00,negative,92
2020-04-08 07:40:00,positive,66
2020-04-08 07:50:00,negative,79
2020-04-08 07:50:00,positive,49
2020-04-08 08:00:00,negative,68
2020-04-08 08:00:00,positive,47
2020-04-08 08:10:00,negative,31
2020-04-08 08:10:00,positive,23
2020-04-08 08:20:00,negative,22
2020-04-08 08:20:00,positive,24
2020-04-08 08:30:00,negative,42
2020-04-08 08:30:00,positive,29
2020-04-08 08:40:00,negative,139
2020-04-08 08:40:00,positive,33
2020-04-08 08:50:00,negative,145
2020-04-08 08:50:00,positive,49
2020-04-08 09:00:00,negative,163
2020-04-08 09:00:00,positive,48
2020-04-08 09:10:00,negative,147
2020-04-08 09:10:00,positive,55
2020-04-08 09:20:00,negative,123
2020-04-08 09:20:00,positive,31
2020-04-08 09:30:00,negative,82
2020-04-08 09:30:00,positive,33
2020-04-08 09:40:00,negative,68
2020-04-08 09:40:00,positive,21
2020-04-08 09:50:00,negative,72
2020-04-08 09:50:00,positive,12
2020-04-08 10:00:00,negative,67
2020-04-08 10:00:00,positive,11
2020-04-08 10:10:00,negative,39
2020-04-08 10:10:00,positive,9
2020-04-08 10:20:00,negative,35
2020-04-08 10:20:00,positive,16
2020-04-08 10:30:00,negative,21
2020-04-08 10:30:00,positive,6
2020-04-08 10:40:00,negative,28
2020-04-08 10:40:00,positive,7
2020-04-08 10:50:00,negative,18
2020-04-08 10:50:00,positive,5
2020-04-08 11:00:00,negative,25
2020-04-08 11:00:00,positive,12
2020-04-08 11:10:00,negative,40
2020-04-08 11:10:00,positive,6
2020-04-08 11:20:00,negative,29
2020-04-08 11:20:00,positive,16
2020-04-08 11:30:00,negative,40
2020-04-08 11:30:00,positive,19
2020-04-08 11:40:00,negative,25
2020-04-08 11:40:00,positive,16
2020-04-08 11:50:00,negative,24
2020-04-08 11:50:00,positive,12
2020-04-08 12:00:00,negative,23
2020-04-08 12:00:00,positive,17
2020-04-08 12:10:00,negative,29
2020-04-08 12:10:00,positive,17
2020-04-08 12:20:00,negative,22
2020-04-08 12:20:00,positive,25
2020-04-08 12:30:00,negative,38
2020-04-08 12:30:00,positive,33
2020-04-08 12:40:00,negative,55
2020-04-08 12:40:00,positive,20
2020-04-08 12:50:00,negative,51
2020-04-08 12:50:00,positive,23
2020-04-08 13:00:00,negative,85
2020-04-08 13:00:00,positive,33
2020-04-08 13:10:00,negative,90
2020-04-08 13:10:00,positive,39
2020-04-08 13:20:00,negative,102
2020-04-08 13:20:00,positive,42
2020-04-08 13:30:00,negative,129
2020-04-08 13:30:00,positive,87
2020-04-08 13:40:00,negative,167
2020-04-08 13:40:00,positive,114
2020-04-08 13:50:00,negative,185
2020-04-08 13:50:00,positive,97
2020-04-08 14:00:00,negative,190
2020-04-08 14:00:00,positive,89
2020-04-08 14:10:00,negative,198
2020-04-08 14:10:00,positive,60
2020-04-08 14:20:00,negative,212
2020-04-08 14:20:00,positive,80
2020-04-08 14:30:00,negative,261
2020-04-08 14:30:00,positive,110
2020-04-08 14:40:00,negative,302
2020-04-08 14:40:00,positive,130
2020-04-08 14:50:00,negative,318
2020-04-08 14:50:00,positive,151
2020-04-08 15:00:00,negative,300
2020-04-08 15:00:00,positive,114
2020-04-08 15:10:00,negative,232
2020-04-08 15:10:00,positive,87
2020-04-08 15:20:00,negative,168
2020-04-08 15:20:00,positive,52
2020-04-08 15:30:00,negative,92
2020-04-08 15:30:00,positive,44
2020-04-08 15:40:00,negative,81
2020-04-08 15:40:00,positive,46
2020-04-08 15:50:00,negative,63
2020-04-08 15:50:00,positive,21
2020-04-08 16:00:00,negative,56
2020-04-08 16:00:00,positive,38
2020-04-08 16:10:00,negative,62
2020-04-08 16:10:00,positive,45
2020-04-08 16:20:00,negative,74
2020-04-08 16:20:00,positive,40
2020-04-08 16:30:00,negative,86
2020-04-08 16:30:00,positive,34
2020-04-08 16:40:00,negative,71
2020-04-08 16:40:00,positive,34
2020-04-08 16:50:00,negative,82
2020-04-08 16:50:00,positive,21
2020-04-08 17:00:00,negative,59
2020-04-08 17:00:00,positive,30
2020-04-08 17:10:00,negative,58
2020-04-08 17:10:00,positive,26
2020-04-08 17:20:00,negative,62
2020-04-08 17:20:00,positive,33
2020-04-08 17:30:00,negative,82
2020-04-08 17:30:00,neutral,1
2020-04-08 17:30:00,positive,28
2020-04-08 17:40:00,negative,83
2020-04-08 17:40:00,positive,22
2020-04-08 17:50:00,negative,65
2020-04-08 17:50:00,positive,27
2020-04-08 18:00:00,negative,72
2020-04-08 18:00:00,positive,34
2020-04-08 18:10:00,negative,58
2020-04-08 18:10:00,positive,30
2020-04-08 18:20:00,negative,60
2020-04-08 18:20:00,positive,39
2020-04-08 18:30:00,negative,90
2020-04-08 18:30:00,positive,41
2020-04-08 18:40:00,negative,94
2020-04-08 18:40:00,positive,38
2020-04-08 18:50:00,negative,92
2020-04-08 18:50:00,positive,58
2020-04-08 19:00:00,negative,74
2020-04-08 19:00:00,positive,49
2020-04-08 19:10:00,negative,109
2020-04-08 19:10:00,positive,61
2020-04-08 19:20:00,negative,95
2020-04-08 19:20:00,positive,55
2020-04-08 19:30:00,negative,93
2020-04-08 19:30:00,positive,47
2020-04-08 19:40:00,negative,74
2020-04-08 19:40:00,positive,27
2020-04-08 19:50:00,negative,90
2020-04-08 19:50:00,positive,41
2020-04-08 20:00:00,negative,72
2020-04-08 20:00:00,positive,34
2020-04-08 20:10:00,negative,58
2020-04-08 20:10:00,positive,12
2020-04-08 20:20:00,negative,52
2020-04-08 20:20:00,positive,9
2020-04-08 20:30:00,negative,57
2020-04-08 20:30:00,positive,16
2020-04-08 20:40:00,negative,30
2020-04-08 20:40:00,positive,13
2020-04-08 20:50:00,negative,40
2020-04-08 20:50:00,positive,13
2020-04-08 21:00:00,negative,25
2020-04-08 21:00:00,positive,18
2020-04-08 21:10:00,negative,24
2020-04-08 21:10:00,positive,11
2020-04-08 21:20:00,negative,24
2020-04-08 21:20:00,positive,15
2020-04-08 21:30:00,negative,31
2020-04-08 21:30:00,positive,11
2020-04-08 21:40:00,negative,36
2020-04-08 21:40:00,positive,10
2020-04-08 21:50:00,negative,29
2020-04-08 21:50:00,neutral,1
2020-04-08 21:50:00,positive,8
2020-04-08 22:00:00,negative,34
2020-04-08 22:00:00,positive,7
2020-04-08 22:10:00,negative,21
2020-04-08 22:10:00,positive,8
2020-04-08 22:20:00,negative,21
2020-04-08 22:20:00,positive,9
2020-04-08 22:30:00,negative,18
2020-04-08 22:30:00,positive,11
2020-04-08 22:40:00,negative,22
2020-04-08 22:40:00,positive,5
2020-04-08 22:50:00,negative,26
2020-04-08 22:50:00,positive,5
2020-04-08 23:00:00,negative,38
2020-04-08 23:00:00,positive,12
2020-04-08 23:10:00,negative,40
2020-04-08 23:10:00,positive,14
2020-04-08 23:20:00,negative,44
2020-04-08 23:20:00,neutral,1
2020-04-08 23:20:00,positive,17
2020-04-08 23:30:00,negative,73
2020-04-08 23:30:00,positive,21
2020-04-08 23:40:00,negative,76
2020-04-08 23:40:00,positive,21
2020-04-08 23:50:00,negative,93
2020-04-08 23:50:00,positive,32
2020-04-09 00:00:00,negative,90
2020-04-09 00:00:00,positive,38
2020-04-09 00:10:00,negative,80
2020-04-09 00:10:00,positive,54
2020-04-09 00:20:00,negative,92
2020-04-09 00:20:00,positive,53
2020-04-09 00:30:00,negative,71
2020-04-09 00:30:00,positive,38
2020-04-09 00:40:00,negative,49
2020-04-09 00:40:00,positive,25
2020-04-09 00:50:00,negative,20
2020-04-09 00:50:00,positive,10
2020-04-09 01:00:00,negative,16
2020-04-09 01:00:00,positive,7
2020-04-09 01:10:00,negative,6
2020-04-09 01:10:00,neutral,1
2020-04-09 01:10:00,positive,5
2020-04-09 01:20:00,negative,7
2020-04-09 01:20:00,positive,4
2020-04-09 01:30:00,negative,13
2020-04-09 01:30:00,positive,3
2020-04-09 01:40:00,negative,9
2020-04-09 01:40:00,positive,3
2020-04-09 01:50:00,negative,14
2020-04-09 01:50:00,positive,3
2020-04-09 02:00:00,negative,18
2020-04-09 02:00:00,positive,2
2020-04-09 02:10:00,negative,17
2020-04-09 02:10:00,positive,10
2020-04-09 02:20:00,negative,32
2020-04-09 02:20:00,neutral,1
2020-04-09 02:20:00,positive,8
2020-04-09 02:30:00,negative,33
2020-04-09 02:30:00,positive,16
2020-04-09 02:40:00,negative,35
2020-04-09 02:40:00,positive,13
2020-04-09 02:50:00,negative,16
2020-04-09 02:50:00,positive,8
2020-04-09 03:00:00,negative,13
2020-04-09 03:00:00,positive,5
2020-04-09 03:10:00,negative,27
2020-04-09 03:10:00,positive,1
2020-04-09 03:20:00,negative,21
2020-04-09 03:20:00,neutral,1
2020-04-09 03:20:00,positive,2
2020-04-09 03:30:00,negative,29
2020-04-09 03:30:00,positive,12
2020-04-09 03:40:00,negative,19
2020-04-09 03:40:00,positive,9
2020-04-09 03:50:00,negative,16
2020-04-09 03:50:00,positive,9
2020-04-09 04:00:00,negative,13
2020-04-09 04:00:00,positive,5
2020-04-09 04:10:00,negative,13
2020-04-09 04:10:00,positive,6
2020-04-09 04:20:00,negative,17
2020-04-09 04:20:00,positive,5
2020-04-09 04:30:00,negative,23
2020-04-09 04:30:00,positive,16
2020-04-09 04:40:00,negative,36
2020-04-09 04:40:00,positive,25
2020-04-09 04:50:00,negative,30
2020-04-09 04:50:00,positive,21
2020-04-09 05:00:00,negative,44
2020-04-09 05:00:00,positive,24
2020-04-09 05:10:00,negative,34
2020-04-09 05:10:00,positive,14
2020-04-09 05:20:00,negative,36
2020-04-09 05:20:00,positive,25
2020-04-09 05:30:00,negative,30
2020-04-09 05:30:00,positive,19
2020-04-09 05:40:00,negative,32
2020-04-09 05:40:00,positive,18
2020-04-09 05:50:00,negative,15
2020-04-09 05:50:00,positive,12
2020-04-09 06:00:00,negative,17
2020-04-09 06:00:00,positive,11
2020-04-09 06:10:00,negative,23
2020-04-09 06:10:00,positive,12
2020-04-09 06:20:00,negative,24
2020-04-09 06:20:00,positive,6
2020-04-09 06:30:00,negative,32
2020-04-09 06:30:00,positive,11
2020-04-09 06:40:00,negative,38
2020-04-09 06:40:00,positive,16
2020-04-09 06:50:00,negative,53
2020-04-09 06:50:00,positive,19
2020-04-09 07:00:00,negative,37
2020-04-09 07:00:00,positive,13
2020-04-09 07:10:00,negative,22
2020-04-09 07:10:00,neutral,1
2020-04-09 07:10:00,positive,10
2020-04-09 07:20:00,negative,23
2020-04-09 07:20:00,positive,12
2020-04-09 07:30:00,negative,22
2020-04-09 07:30:00,positive,12
2020-04-09 07:40:00,negative,29
2020-04-09 07:40:00,positive,12
2020-04-09 07:50:00,negative,35
2020-04-09 07:50:00,positive,21
2020-04-09 08:00:00,negative,57
2020-04-09 08:00:00,positive,27
2020-04-09 08:10:00,negative,60
2020-04-09 08:10:00,positive,19
2020-04-09 08:20:00,negative,73
2020-04-09 08:20:00,positive,40
2020-04-09 08:30:00,negative,71
2020-04-09 08:30:00,positive,34
2020-04-09 08:40:00,negative,64
2020-04-09 08:40:00,positive,28
2020-04-09 08:50:00,negative,50
2020-04-09 08:50:00,positive,30
2020-04-09 09:00:00,negative,41
2020-04-09 09:00:00,neutral,1
2020-04-09 09:00:00,positive,24
2020-04-09 09:10:00,negative,25
2020-04-09 09:10:00,positive,22
2020-04-09 09:20:00,negative,39
2020-04-09 09:20:00,positive,22
2020-04-09 09:30:00,negative,34
2020-04-09 09:30:00,positive,25
2020-04-09 09:40:00,negative,40
2020-04-09 09:40:00,positive,25
2020-04-09 09:50:00,negative,45
2020-04-09 09:50:00,neutral,1
2020-04-09 09:50:00,positive,33
2020-04-09 10:00:00,negative,50
2020-04-09 10:00:00,positive,29
2020-04-09 10:10:00,negative,39
2020-04-09 10:10:00,positive,51
2020-04-09 10:20:00,negative,46
2020-04-09 10:20:00,positive,47
2020-04-09 10:30:00,negative,70
2020-04-09 10:30:00,positive,46
2020-04-09 10:40:00,negative,72
2020-04-09 10:40:00,positive,50
2020-04-09 10:50:00,negative,48
2020-04-09 10:50:00,positive,54
2020-04-09 11:00:00,negative,76
2020-04-09 11:00:00,positive,49
2020-04-09 11:10:00,negative,60
2020-04-09 11:10:00,positive,32
2020-04-09 11:20:00,negative,72
2020-04-09 11:20:00,positive,29
2020-04-09 11:30:00,negative,59
2020-04-09 11:30:00,positive,37
2020-04-09 11:40:00,negative,62
2020-04-09 11:40:00,positive,43
2020-04-09 11:50:00,negative,60
2020-04-09 11:50:00,positive,52
2020-04-09 12:00:00,negative,70
2020-04-09 12:00:00,positive,66
2020-04-09 12:10:00,negative,83
2020-04-09 12:10:00,positive,87
2020-04-09 12:20:00,negative,72
2020-04-09 12:20:00,positive,84
2020-04-09 12:30:00,negative,99
2020-04-09 12:30:00,positive,80
2020-04-09 12:40:00,negative,74
2020-04-09 12:40:00,positive,85
2020-04-09 12:50:00,negative,66
2020-04-09 12:50:00,positive,76
2020-04-09 13:00:00,negative,64
2020-04-09 13:00:00,positive,63
2020-04-09 13:10:00,negative,54
2020-04-09 13:10:00,positive,52
2020-04-09 13:20:00,negative,66
2020-04-09 13:20:00,positive,40
2020-04-09 13:30:00,negative,56
2020-04-09 13:30:00,positive,33
2020-04-09 13:40:00,negative,50
2020-04-09 13:40:00,positive,33
2020-04-09 13:50:00,negative,50
2020-04-09 13:50:00,positive,38
2020-04-09 14:00:00,negative,51
2020-04-09 14:00:00,positive,34
2020-04-09 14:10:00,negative,54
2020-04-09 14:10:00,positive,26
2020-04-09 14:20:00,negative,41
2020-04-09 14:20:00,positive,28
2020-04-09 14:30:00,negative,40
2020-04-09 14:30:00,positive,23
2020-04-09 14:40:00,negative,50
2020-04-09 14:40:00,positive,24
2020-04-09 14:50:00,negative,46
2020-04-09 14:50:00,positive,26
2020-04-09 15:00:00,negative,67
2020-04-09 15:00:00,positive,27
2020-04-09 15:10:00,negative,137
2020-04-09 15:10:00,positive,25
2020-04-09 15:20:00,negative,169
2020-04-09 15:20:00,positive,20
2020-04-09 15:30:00,negative,128
2020-04-09 15:30:00,positive,13
2020-04-09 15:40:00,negative,122
2020-04-09 15:40:00,positive,24
2020-04-09 15:50:00,negative,100
2020-04-09 15:50:00,positive,21
2020-04-09 16:00:00,negative,66
2020-04-09 16:00:00,positive,26
2020-04-09 16:10:00,negative,59
2020-04-09 16:10:00,positive,36
2020-04-09 16:20:00,negative,34
2020-04-09 16:20:00,positive,37
2020-04-09 16:30:00,negative,38
2020-04-09 16:30:00,positive,30
2020-04-09 16:40:00,negative,28
2020-04-09 16:40:00,positive,21
2020-04-09 16:50:00,negative,22
2020-04-09 16:50:00,positive,17
2020-04-09 17:00:00,negative,16
2020-04-09 17:00:00,positive,12
2020-04-09 17:10:00,negative,27
2020-04-09 17:10:00,positive,10
2020-04-09 17:20:00,negative,22
2020-04-09 17:20:00,positive,14
2020-04-09 17:30:00,negative,20
2020-04-09 17:30:00,positive,10
2020-04-09 17:40:00,negative,19
2020-04-09 17:40:00,positive,16
2020-04-09 17:50:00,negative,15
2020-04-09 17:50:00,positive,6
2020-04-09 18:00:00,negative,10
2020-04-09 18:00:00,positive,17
2020-04-09 18:10:00,negative,22
2020-04-09 18:10:00,positive,21
2020-04-09 18:20:00,negative,25
2020-04-09 18:20:00,positive,23
2020-04-09 18:30:00,negative,17
2020-04-09 18:30:00,positive,21
2020-04-09 18:40:00,negative,24
2020-04-09 18:40:00,positive,20
2020-04-09 18:50:00,negative,17
2020-04-09 18:50:00,positive,14
2020-04-09 19:00:00,negative,19
2020-04-09 19:00:00,positive,10
2020-04-09 19:10:00,negative,18
2020-04-09 19:10:00,positive,10
2020-04-09 19:20:00,negative,18
2020-04-09 19:20:00,positive,14
2020-04-09 19:30:00,negative,21
2020-04-09 19:30:00,positive,18
2020-04-09 19:40:00,negative,22
2020-04-09 19:40:00,positive,29
2020-04-09 19:50:00,negative,41
2020-04-09 19:50:00,positive,44
2020-04-09 20:00:00,negative,42
2020-04-09 20:00:00,positive,36
2020-04-09 20:10:00,negative,31
2020-04-09 20:10:00,positive,17
2020-04-09 20:20:00,negative,24
2020-04-09 20:20:00,positive,19
2020-04-09 20:30:00,negative,18
2020-04-09 20:30:00,positive,11
2020-04-09 20:40:00,negative,13
2020-04-09 20:40:00,positive,9
2020-04-09 20:50:00,negative,10
2020-04-09 20:50:00,positive,5
2020-04-09 21:00:00,negative,5
2020-04-09 21:00:00,positive,9
2020-04-09 21:10:00,negative,12
2020-04-09 21:10:00,positive,3
2020-04-09 21:20:00,negative,15
2020-04-09 21:20:00,positive,9
2020-04-09 21:30:00,negative,13
2020-04-09 21:30:00,positive,3
2020-04-09 21:40:00,negative,10
2020-04-09 21:40:00,positive,8
2020-04-09 21:50:00,negative,9
2020-04-09 21:50:00,positive,5
2020-04-09 22:00:00,negative,5
2020-04-09 22:00:00,positive,10
2020-04-09 22:10:00,negative,4
2020-04-09 22:10:00,positive,10
2020-04-09 22:20:00,negative,9
2020-04-09 22:20:00,positive,13
2020-04-09 22:30:00,negative,9
2020-04-09 22:30:00,positive,9
2020-04-09 22:40:00,negative,9
2020-04-09 22:40:00,positive,4
2020-04-09 22:50:00,negative,6
2020-04-09 22:50:00,positive,7
2020-04-09 23:00:00,negative,4
2020-04-09 23:00:00,positive,1
2020-04-09 23:10:00,negative,14
2020-04-09 23:10:00,positive,1
2020-04-09 23:20:00,negative,6
2020-04-09 23:30:00,negative,8
2020-04-09 23:40:00,negative,1
2020-04-09 23:40:00,positive,2
2020-04-09 23:50:00,negative,5
2020-04-09 23:50:00,positive,1
2020-04-10 00:00:00,negative,46
2020-04-10 00:00:00,positive,7
2020-04-10 00:10:00,negative,52
2020-04-10 00:10:00,positive,13
2020-04-10 00:20:00,negative,88
2020-04-10 00:20:00,positive,16
2020-04-10 00:30:00,negative,90
2020-04-10 00:30:00,positive,20
2020-04-10 00:40:00,negative,71
2020-04-10 00:40:00,positive,23
2020-04-10 00:50:00,negative,22
2020-04-10 00:50:00,positive,14
2020-04-10 01:00:00,negative,13
2020-04-10 01:00:00,positive,9
2020-04-10 01:10:00,negative,11
2020-04-10 01:10:00,positive,3
2020-04-10 01:20:00,negative,5
2020-04-10 01:30:00,negative,5
2020-04-10 01:40:00,negative,5
2020-04-10 01:50:00,negative,7
2020-04-10 02:00:00,negative,3
2020-04-10 02:00:00,positive,1
2020-04-10 02:10:00,negative,7
2020-04-10 02:10:00,positive,2
2020-04-10 02:20:00,negative,4
2020-04-10 02:20:00,positive,5
2020-04-10 02:30:00,negative,4
2020-04-10 02:30:00,positive,7
2020-04-10 02:40:00,negative,4
2020-04-10 02:40:00,positive,1
2020-04-10 02:50:00,negative,3
2020-04-10 02:50:00,positive,2
2020-04-10 03:00:00,negative,10
2020-04-10 03:00:00,positive,4
2020-04-10 03:10:00,negative,15
2020-04-10 03:10:00,positive,10
2020-04-10 03:20:00,negative,34
2020-04-10 03:20:00,positive,13
2020-04-10 03:30:00,negative,26
2020-04-10 03:30:00,positive,10
2020-04-10 03:40:00,negative,19
2020-04-10 03:40:00,positive,4
2020-04-10 03:50:00,negative,15
2020-04-10 03:50:00,positive,5
2020-04-10 04:00:00,negative,11
2020-04-10 04:00:00,positive,2
2020-04-10 04:10:00,negative,10
2020-04-10 04:10:00,positive,6
2020-04-10 04:20:00,negative,13
2020-04-10 04:20:00,positive,2
2020-04-10 04:30:00,negative,27
2020-04-10 04:30:00,positive,19
2020-04-10 04:40:00,negative,37
2020-04-10 04:40:00,positive,25
2020-04-10 04:50:00,negative,37
2020-04-10 04:50:00,positive,32
2020-04-10 05:00:00,negative,38
2020-04-10 05:00:00,positive,29
2020-04-10 05:10:00,negative,37
2020-04-10 05:10:00,positive,44
2020-04-10 05:20:00,negative,36
2020-04-10 05:20:00,positive,37
2020-04-10 05:30:00,negative,27
2020-04-10 05:30:00,positive,27
2020-04-10 05:40:00,negative,27
2020-04-10 05:40:00,positive,26
2020-04-10 05:50:00,negative,25
2020-04-10 05:50:00,positive,9
2020-04-10 06:00:00,negative,21
2020-04-10 06:00:00,positive,6
2020-04-10 06:10:00,negative,26
2020-04-10 06:10:00,positive,5
2020-04-10 06:20:00,negative,19
2020-04-10 06:20:00,positive,5
2020-04-10 06:30:00,negative,14
2020-04-10 06:30:00,positive,3
2020-04-10 06:40:00,negative,20
2020-04-10 06:40:00,positive,3
2020-04-10 06:50:00,negative,12
2020-04-10 06:50:00,positive,3
2020-04-10 07:00:00,negative,15
2020-04-10 07:00:00,positive,5
2020-04-10 07:10:00,negative,54
2020-04-10 07:10:00,positive,18
2020-04-10 07:20:00,negative,89
2020-04-10 07:20:00,positive,34
2020-04-10 07:30:00,negative,134
2020-04-10 07:30:00,positive,50
2020-04-10 07:40:00,negative,152
2020-04-10 07:40:00,positive,53
2020-04-10 07:50:00,negative,101
2020-04-10 07:50:00,neutral,1
2020-04-10 07:50:00,positive,54
2020-04-10 08:00:00,negative,65
2020-04-10 08:00:00,positive,50
2020-04-10 08:10:00,negative,42
2020-04-10 08:10:00,positive,13
2020-04-10 08:20:00,negative,20
2020-04-10 08:20:00,positive,11
2020-04-10 08:30:00,negative,25
2020-04-10 08:30:00,positive,2
2020-04-10 08:40:00,negative,25
2020-04-10 08:40:00,positive,9
2020-04-10 08:50:00,negative,29
2020-04-10 08:50:00,positive,14
2020-04-10 09:00:00,negative,53
2020-04-10 09:00:00,positive,20
2020-04-10 09:10:00,negative,73
2020-04-10 09:10:00,positive,29
2020-04-10 09:20:00,negative,94
2020-04-10 09:20:00,positive,38
2020-04-10 09:30:00,negative,93
2020-04-10 09:30:00,positive,45
2020-04-10 09:40:00,negative,66
2020-04-10 09:40:00,positive,32
2020-04-10 09:50:00,negative,42
2020-04-10 09:50:00,positive,27
2020-04-10 10:00:00,negative,26
2020-04-10 10:00:00,positive,29
2020-04-10 10:10:00,negative,16
2020-04-10 10:10:00,positive,24
2020-04-10 10:20:00,negative,27
2020-04-10 10:20:00,positive,27
2020-04-10 10:30:00,negative,28
2020-04-10 10:30:00,positive,37
2020-04-10 10:40:00,negative,32
2020-04-10 10:40:00,positive,34
2020-04-10 10:50:00,negative,40
2020-04-10 10:50:00,positive,34
2020-04-10 11:00:00,negative,45
2020-04-10 11:00:00,positive,38
2020-04-10 11:10:00,negative,45
2020-04-10 11:10:00,positive,38
2020-04-10 11:20:00,negative,60
2020-04-10 11:20:00,positive,40
2020-04-10 11:30:00,negative,60
2020-04-10 11:30:00,positive,32
2020-04-10 11:40:00,negative,54
2020-04-10 11:40:00,positive,33
2020-04-10 11:50:00,negative,57
2020-04-10 11:50:00,positive,23
